id,name,class,damage,heavy_mult,interval,reach,arc,knockback,stagger,durability,ammo,proj_speed,bleed,dismember,rarity,throw_damage,weight,desc
fists,Bare Fists,fists,6,1.8,0.28,18,70,60,10,0,0,0,0,0,0,0,0,Unbreakable. Unimpressive. Yours.
keyboard,Mechanical Keyboard,blunt,11,2.0,0.32,24,90,140,22,14,0,0,0,0,0,14,1,Clicky switches. Clackier skulls.
laptop,Company Laptop,blunt,15,2.1,0.40,24,85,170,30,10,0,0,0,0,0,18,1.2,Corporate image. Corporate damage.
fire_extinguisher,Fire Extinguisher,blunt,19,2.0,0.52,26,80,240,45,8,0,0,0,0,1,24,1.6,Heavy releases a knockback blast.
mop,Industrial Mop,blunt,10,1.8,0.42,34,140,150,20,12,0,0,0,0,0,10,1.3,Wide sweep. Leaves wet floors on heavy.
golf_club,Golf Club,blunt,17,2.3,0.44,36,95,210,32,10,0,0,0,0,1,14,1.1,Executive putter. Long reach.
policy_binder,Policy Binder,blunt,14,1.9,0.46,24,90,180,40,12,0,0,0,0,1,16,1.4,Heavy blocks frontal projectiles.
clipboard,Clipboard,blunt,8,1.8,0.26,22,80,110,18,16,0,0,0,0,0,10,0.7,Fast. Delegates pain efficiently.
briefcase,Briefcase,blunt,16,2.0,0.46,24,90,200,34,10,0,0,0,0,1,20,1.4,Full of injunctions. And bricks.
framed_certificate,Framed Certificate,blunt,14,2.0,0.36,24,90,160,28,6,0,0,0,0,2,22,1,Employee of the Month. Shatters into glass.
wrench,Giant Wrench,blunt,24,2.2,0.56,30,100,260,50,12,0,0,0,0,2,26,1.8,Logged and resolved.
trophy,Sales Trophy,blunt,20,2.1,0.44,24,90,220,40,10,0,0,0,0,2,26,1.3,President's Club. Heavier than it looks.
letter_opener,Letter Opener,sharp,9,2.2,0.20,20,60,60,8,18,0,0,0.35,0.12,0,12,0.4,Lightning fast. Causes bleeding.
scissors,Office Scissors,sharp,10,2.0,0.24,22,65,70,10,16,0,0,0.3,0.15,0,12,0.5,Run with them.
broken_glass,Broken Glass,sharp,13,2.0,0.26,22,70,70,12,8,0,0,0.5,0.2,0,10,0.4,Hurts you a bit too.
box_cutter,Box Cutter,sharp,11,2.2,0.22,20,60,60,10,14,0,0,0.45,0.18,1,10,0.4,Post Room standard issue.
guillotine_blade,Guillotine Blade,sharp,20,2.3,0.40,30,110,110,22,10,0,0,0.5,0.45,1,22,1.2,Paper trimmer. Not just for paper.
paper_spike,Paper Spike,sharp,12,2.4,0.30,22,40,80,14,12,0,0,0.4,0.2,0,16,0.6,Lunge thrust. Pierces.
stapler,Stapler,ranged,5,1,0.13,0,0,40,4,0,30,420,0.1,0,0,10,0.6,Rapid fire. Limited staples.
nail_gun,Nail Gun,ranged,11,1,0.30,0,0,90,10,0,16,520,0.25,0.08,1,14,1.2,Facilities-grade. Pins enemies to walls.
laser_pointer,Laser Pointer,ranged,4,1,0.06,0,0,0,2,0,60,0,0,0,1,6,0.3,Continuous beam. Billable hours.
calculator,Scientific Calculator,ranged,14,1,0.55,0,0,60,12,0,12,300,0,0,1,12,0.7,Slow precise shots. Always adds up.
tape_gun,Tape Gun,ranged,4,1,0.35,0,0,20,6,0,14,320,0,0,0,10,0.8,Sticky tape slows targets.
confetti_cannon,Confetti Cannon,ranged,6,1,0.70,0,0,180,30,0,6,380,0,0,2,12,1.0,Mandatory Fun. Spread blast staggers.
mug,World's Best Boss Mug,throwable,14,1,0,0,0,180,60,1,0,360,0,0,0,14,0.6,Ironic.
monitor,Monitor,throwable,22,1,0,0,0,260,80,1,0,300,0,0,0,22,1.4,Dual-screen setup halved.
potted_plant,Potted Plant,throwable,16,1,0,0,0,220,80,1,0,320,0,0,0,16,1.2,Soil everywhere. Wellbeing ruined.
desk_phone,Desk Phone,throwable,12,1,0,0,0,160,60,1,0,380,0,0,0,12,0.8,Line 2 is holding.
kettle,Kettle,throwable,16,1,0,0,0,170,60,1,0,330,0,0,0,16,1.0,Freshly boiled. Scalds.
energy_drink,Energy Drink,throwable,8,1,0,0,0,120,40,1,0,420,0,0,0,8,0.4,Sales Rep fuel. Bursts in a sticky splash.
hole_punch,Hole Punch,throwable,15,1,0,0,0,200,70,1,0,350,0,0,0,15,1.0,Two holes. Standard spacing.
toner_cartridge,Toner Cartridge,throwable,10,1,0,0,0,140,50,1,0,340,0,0,1,10,0.9,Bursts into a blinding ink cloud.
paperweight,Crystal Paperweight,throwable,24,1,0,0,0,240,90,1,0,360,0,0,2,24,0.9,Rare. Hits like a promotion.
coffee_tray,Coffee Run Tray,throwable,10,1,0,0,0,120,50,1,0,340,0,0,0,10,0.6,Four flat whites. Scalding.
